Workbook

Sheet Petunjuk
A1: Tabel pengukuran jangka sorong (hand grip dynamometer)
A3: Satu tab per komponen. Dipakai bersama oleh housing grip, housing elektronik, dan layout PCB.
A4: Legenda: sel BIRU dengan latar KUNING = isi hasil ukur (Ukur 1 sampai 3). Rata-rata, sebaran, dan status dihitung otomatis. Status hanya muncul bila "Acuan resmi (angka)" terisi.
A5: Cara mengukur: jangka sorong digital (resolusi umumnya 0,01 mm); tutup rahang dan nol-kan sebelum mulai; ukur 3 kali, catat rata-rata dan sebaran.
A6: Rahang: L = rahang luar (dimensi luar), D = rahang dalam (diameter lubang, lebar celah), K = batang kedalaman (kedalaman, tinggi dari permukaan).
A7: Jarak pusat-ke-pusat dua lubang berdiameter sama = jarak sisi dalam ke sisi dalam + diameter, atau jarak sisi luar ke sisi luar - diameter. Pitch pin atau header: ukur 10 pitch lalu bagi 10.
A8: Jangan menekan keras komponen elektronik; ukur dalam keadaan lepas dari daya.
A9: Nilai CAD = hasil ukur + kelonggaran 0,2-0,3 mm per sisi (lubang M3 dimodelkan 3,4 mm). Footprint PCB memakai ukuran terukur dengan toleransi sesuai pabrik PCB.
A10: Kolom "Angka resmi" hanya memuat angka dari datasheet atau standar yang disebut di kolom sumber; nomor dalam kurung siku ([4], [6], dan seterusnya) mengikuti daftar pustaka di datasheet/datasheet-library.md. Bila tertulis "belum resmi" atau "umum", angka itu hanya acuan umum sampai datasheetnya diambil. Selalu ukur komponen yang benar-benar dipegang.
A11: Tag di kolom "Dipakai untuk": [PCB] footprint atau layout PCB, [Housing] cutout atau ruang housing elektronik, [Grip] housing grip dan load cell, [Cetak] pengecekan hasil cetak.
A12: Nilai resistansi resistor tidak bisa diukur dengan jangka sorong; gunakan multimeter atau kode warna. Baris C9 (resistansi load cell) memakai multimeter, satuan ohm.
A13: Terisi per 10-12 Okt. 2026: ESP32 (E1-E8, E10), load cell (C1, C5, C7, C9). Sisanya masih kosong.
A15: Tab | B15: Komponen | C15: Nama part resmi | D15: Datasheet atau dokumen | E15: Jumlah baris
A16: ESP32 | B16: ESP32 DevKit V1 (30 pin) | C16: Papan: DOIT ESP32 DevKit V1; modul di papan: ESP32-WROOM-32D (Espressif) | D16: DS-ESP1 [7] (datasheet/pdf/ESP32-WROOM-32D_32U_datasheet.pdf); DS-ESP2 [9]; datasheet/datasheet-library.md | E16: =COUNTA(ESP32!A8:A200) -> 21
A17: LED | B17: LED 5 mm diffused | C17: Belum ada nomor part (LED generik, kemasan 5 mm) | D17: DS-LED1 belum diambil | E17: =COUNTA(LED!A8:A200) -> 6
A18: Resistor | B18: Resistor pembatas LED, axial | C18: Belum ada nomor part (resistor 100 ohm, 1/4 W, generik) | D18: DS-RES1 (opsional) | E18: =COUNTA(Resistor!A8:A200) -> 5
A19: Tombol | B19: Tactile push button | C19: Belum ada nomor part (tactile 6 x 6 mm, THT, generik) | D19: DS-BTN1 belum diambil | E19: =COUNTA(Tombol!A8:A200) -> 5
A20: HX711 | B20: Modul HX711 | C20: Modul XFW-HX711 dengan chip HX711 (Avia Semiconductor) | D20: DS-HX1 [1] listing, [2] Avia (datasheet/pdf/HX711_datasheet_Avia.pdf), [3] | E20: =COUNTA(HX711!A8:A200) -> 5
A21: LCD I2C | B21: LCD 1602 dengan backpack I2C | C21: LCD: HS1602A (Shenzhen Hansheng Industrial); backpack: PCF8574 atau PCF8574A (NXP), penandaan chip belum diperiksa | D21: DS-LCD1 [11], [12] (datasheet/pdf/HS1602A_datasheet.pdf); DS-I2C1 [13] | E21: =COUNTA('LCD I2C'!A8:A200) -> 6
A22: Load cell | B22: Load cell 80 kg | C22: CZL601 (Eagle Weigh) / CZL-601 (GJ Impex), kapasitas 80 kg | D22: DS-LC1 [4] listing, [5] Eagle Weigh, [6] GJ Impex (datasheet/pdf/GJ_Impex_CZL-601_load_cell.pdf, CZL601_Datasheet.pdf) | E22: =COUNTA('Load cell'!A8:A200) -> 9
A23: Baut dan mur | B23: Baut, washer, dan mur | C23: ISO 4017 M6 x 25 kelas 8.8; washer ISO 7089 M6; mur ISO 4032 M6 (bagian modul cetak); M3 untuk bagian modul 3D printing | D23: DS-MAT3 (ISO 898-1 dan standar dimensi) belum diambil | E23: =COUNTA('Baut dan mur'!A8:A200) -> 3
A24: Kabel dan konektor | B24: Kabel USB dan konektor jumper | C24: Kabel micro-USB (USB 2.0 Micro-B); konektor jumper Dupont 2,54 mm | D24: Tidak ada datasheet; cangkang plug bervariasi per produsen | E24: =COUNTA('Kabel dan konektor'!A8:A200) -> 2
A25: Hasil cetak | B25: Part hasil cetak 3D | C25: Bukan komponen beli; spacer PLA dan klem kabel | D25: housing-load-cell/desain-housing-load-cell.md; housing-load-cell/fusion/ | E25: =COUNTA('Hasil cetak'!A8:A200) -> 1
A26: Pelat logam | B26: Pelat logam batang A dan B | C26: Aluminium 6061-T6, 170 x 30 x 10 mm (pesanan) | D26: DS-MAT1 belum diambil; housing-load-cell/asumsi.md | E26: =COUNTA('Pelat logam'!A8:A200) -> 1

Sheet ESP32
A1: Pengukuran: ESP32 DevKit V1 (30 pin)
A2: Nama part resmi | B2: Papan: DOIT ESP32 DevKit V1; modul di papan: ESP32-WROOM-32D (Espressif)
A3: Datasheet / dokumen | B3: DS-ESP1 [7] (datasheet/pdf/ESP32-WROOM-32D_32U_datasheet.pdf); DS-ESP2 [9]; datasheet/datasheet-library.md
A5: Tab ini menampung baris pengukuran komponen di atas. Lihat tab Petunjuk untuk cara mengukur dan legenda.
A7: ID | B7: Dimensi yang diukur | C7: Rahang | D7: Dipakai untuk | E7: Nominal / catatan lama | F7: Angka resmi (teks) | G7: Sumber angka resmi | H7: Acuan resmi (angka) | I7: Toleransi +- | J7: Ukur 1 | K7: Ukur 2 | L7: Ukur 3 | M7: Rata-rata | N7: Sebaran | O7: Status terhadap acuan | P7: Tanggal ukur | Q7: Catatan hasil
A8: E1 | B8: Panjang papan PCB (tanpa pin) | C8: L | D8: [Housing] outline dan ruang | E8: Bervariasi antar merek; ukur | F8: Tidak ada gambar dimensi pabrikan untuk papan V1 | G8: DS-ESP2 (S3 [9] tanpa dimensi) | J8: 51.5 | M8: =IF(COUNT(J8:L8)=0,"",AVERAGE(J8:L8)) -> 51.5 | N8: =IF(COUNT(J8:L8)<2,"",MAX(J8:L8)-MIN(J8:L8)) | O8: =IF(OR(M8="",H8="",I8=""),"",IF(ABS(M8-H8)<=I8,"DALAM TOLERANSI","LUAR TOLERANSI")) | P8: 10 Okt. 2026 | Q8: 51,5 (10 Okt. 2026)
A9: E2 | B9: Lebar papan PCB | C9: L | D9: [Housing] outline dan ruang | E9: Idem | F9: Tidak ada gambar dimensi pabrikan untuk papan V1 | G9: DS-ESP2 (S3 [9] tanpa dimensi) | J9: 28.2 | M9: =IF(COUNT(J9:L9)=0,"",AVERAGE(J9:L9)) -> 28.2 | N9: =IF(COUNT(J9:L9)<2,"",MAX(J9:L9)-MIN(J9:L9)) | O9: =IF(OR(M9="",H9="",I9=""),"",IF(ABS(M9-H9)<=I9,"DALAM TOLERANSI","LUAR TOLERANSI")) | P9: 10 Okt. 2026 | Q9: 28,2
A10: E3 | B10: Tebal PCB saja | C10: L | D10: [Housing] slot atau penahan | E10: - | J10: 1 | M10: =IF(COUNT(J10:L10)=0,"",AVERAGE(J10:L10)) -> 1 | N10: =IF(COUNT(J10:L10)<2,"",MAX(J10:L10)-MIN(J10:L10)) | O10: =IF(OR(M10="",H10="",I10=""),"",IF(ABS(M10-H10)<=I10,"DALAM TOLERANSI","LUAR TOLERANSI")) | P10: 10 Okt. 2026 | Q10: 1,0
A11: E4 | B11: Tinggi total (PCB + modul WROOM + konektor USB, tanpa pin bawah) | C11: L atau K | D11: [Housing] kedalaman ruang di bawah lid | E11: - | J11: 4.2 | M11: =IF(COUNT(J11:L11)=0,"",AVERAGE(J11:L11)) -> 4.2 | N11: =IF(COUNT(J11:L11)<2,"",MAX(J11:L11)-MIN(J11:L11)) | O11: =IF(OR(M11="",H11="",I11=""),"",IF(ABS(M11-H11)<=I11,"DALAM TOLERANSI","LUAR TOLERANSI")) | P11: 10 Okt. 2026 | Q11: 4,2 (PCB + modul WROOM). Dengan pin: total 12,4; papan + pin 9,2; papan + plastik header 3,4; 6,6 di atas bibir soket
A12: E5 | B12: Jarak antar dua baris header (pusat ke pusat) | C12: L atau D | D12: [PCB] footprint header atau socket | E12: Biasanya kelipatan 2,54 mm; ukur | F12: Header 2,54 mm (0,1 in) standar; belum ada angka resmi papan | G12: DS-ESP2 | J12: 25.3 | M12: =IF(COUNT(J12:L12)=0,"",AVERAGE(J12:L12)) -> 25.3 | N12: =IF(COUNT(J12:L12)<2,"",MAX(J12:L12)-MIN(J12:L12)) | O12: =IF(OR(M12="",H12="",I12=""),"",IF(ABS(M12-H12)<=I12,"DALAM TOLERANSI","LUAR TOLERANSI")) | P12: 10 Okt. 2026 | Q12: 25,3 (pakai 25,4 untuk soket)
A13: E6 | B13: Pitch pin header (10 pitch dibagi 10) | C13: L | D13: [PCB] footprint | E13: 2,54 mm (umum) | F13: 2,54 mm (standar) | G13: DS-ESP2 | J13: 2.54 | M13: =IF(COUNT(J13:L13)=0,"",AVERAGE(J13:L13)) -> 2.54 | N13: =IF(COUNT(J13:L13)<2,"",MAX(J13:L13)-MIN(J13:L13)) | O13: =IF(OR(M13="",H13="",I13=""),"",IF(ABS(M13-H13)<=I13,"DALAM TOLERANSI","LUAR TOLERANSI")) | P13: 10 Okt. 2026 | Q13: 2,54 (15 pin per baris)
A14: E7 | B14: Diameter dan panjang pin header | C14: L | D14: [PCB] diameter lubang | E14: - | J14: 0.5 | M14: =IF(COUNT(J14:L14)=0,"",AVERAGE(J14:L14)) -> 0.5 | N14: =IF(COUNT(J14:L14)<2,"",MAX(J14:L14)-MIN(J14:L14)) | O14: =IF(OR(M14="",H14="",I14=""),"",IF(ABS(M14-H14)<=I14,"DALAM TOLERANSI","LUAR TOLERANSI")) | P14: 10 Okt. 2026 | Q14: Diameter 0,5; ekor pin di bawah plastik 5,8
A15: E8 | B15: Lebar x tinggi cangkang konektor USB | C15: L | D15: [Housing] cutout USB | E15: - | M15: =IF(COUNT(J15:L15)=0,"",AVERAGE(J15:L15)) | N15: =IF(COUNT(J15:L15)<2,"",MAX(J15:L15)-MIN(J15:L15)) | O15: =IF(OR(M15="",H15="",I15=""),"",IF(ABS(M15-H15)<=I15,"DALAM TOLERANSI","LUAR TOLERANSI")) | P15: 10 Okt. 2026 | Q15: 2,7 x 5,7 x 7,7 (urutan seperti dicatat; lihat `esp32_dimensi_acuan.xlsx`)
A16: E9 | B16: Posisi sumbu konektor USB dari tepi papan dan dari permukaan PCB | C16: L atau K | D16: [Housing] posisi cutout | E16: - | M16: =IF(COUNT(J16:L16)=0,"",AVERAGE(J16:L16)) | N16: =IF(COUNT(J16:L16)<2,"",MAX(J16:L16)-MIN(J16:L16)) | O16: =IF(OR(M16="",H16="",I16=""),"",IF(ABS(M16-H16)<=I16,"DALAM TOLERANSI","LUAR TOLERANSI")) | Q16: Belum diukur
A17: E10 | B17: Panjang konektor USB yang menonjol dari tepi papan | C17: K | D17: [Housing] kedalaman cutout | E17: - | J17: 0 | M17: =IF(COUNT(J17:L17)=0,"",AVERAGE(J17:L17)) -> 0 | N17: =IF(COUNT(J17:L17)<2,"",MAX(J17:L17)-MIN(J17:L17)) | O17: =IF(OR(M17="",H17="",I17=""),"",IF(ABS(M17-H17)<=I17,"DALAM TOLERANSI","LUAR TOLERANSI")) | P17: 10 Okt. 2026 | Q17: 0 (konektor tidak menonjol keluar tepi papan)
A18: E11 | B18: Lubang mounting papan (jika ada): diameter dan jarak antar lubang | C18: D | D18: [PCB] [Housing] tiang mounting | E18: Banyak DevKit tidak punya; jika tidak ada, pakai socket | M18: =IF(COUNT(J18:L18)=0,"",AVERAGE(J18:L18)) | N18: =IF(COUNT(J18:L18)<2,"",MAX(J18:L18)-MIN(J18:L18)) | O18: =IF(OR(M18="",H18="",I18=""),"",IF(ABS(M18-H18)<=I18,"DALAM TOLERANSI","LUAR TOLERANSI")) | Q18: Belum diukur
A19: EM1 | B19: Modul WROOM-32D: lebar | C19: L | D19: [PCB] [Housing] footprint modul | F19: 18,00 mm | G19: [7] Gambar 8 (DS-ESP1) | H19: 18 | I19: 0.15 | M19: =IF(COUNT(J19:L19)=0,"",AVERAGE(J19:L19)) | N19: =IF(COUNT(J19:L19)<2,"",MAX(J19:L19)-MIN(J19:L19)) | O19: =IF(OR(M19="",H19="",I19=""),"",IF(ABS(M19-H19)<=I19,"DALAM TOLERANSI","LUAR TOLERANSI"))
A20: EM2 | B20: Modul WROOM-32D: panjang | C20: L | D20: [PCB] [Housing] footprint modul | F20: 25,50 mm | G20: [7] Gambar 8 (DS-ESP1) | H20: 25.5 | I20: 0.15 | M20: =IF(COUNT(J20:L20)=0,"",AVERAGE(J20:L20)) | N20: =IF(COUNT(J20:L20)<2,"",MAX(J20:L20)-MIN(J20:L20)) | O20: =IF(OR(M20="",H20="",I20=""),"",IF(ABS(M20-H20)<=I20,"DALAM TOLERANSI","LUAR TOLERANSI"))
A21: EM3 | B21: Modul WROOM-32D: tebal total | C21: L | D21: [Housing] tinggi | F21: 3,10 mm | G21: [7] gambar sisi (DS-ESP1) | H21: 3.1 | I21: 0.15 | J21: 3.2 | M21: =IF(COUNT(J21:L21)=0,"",AVERAGE(J21:L21)) -> 3.2 | N21: =IF(COUNT(J21:L21)<2,"",MAX(J21:L21)-MIN(J21:L21)) | O21: =IF(OR(M21="",H21="",I21=""),"",IF(ABS(M21-H21)<=I21,"DALAM TOLERANSI","LUAR TOLERANSI")) -> DALAM TOLERANSI | P21: 10 Okt. 2026 | Q21: Hitungan: tebal papan + modul 4,2 mm dikurangi tebal PCB papan 1,0 mm (E3, E4); dalam toleransi datasheet (maks 3,25 mm).
A22: EM4 | B22: Area antena PCB: lebar x panjang | C22: - | D22: [PCB] area bebas tembaga | F22: 18 x 6,19 mm | G22: [7] Gambar 8 dan 11 (DS-ESP1) | M22: =IF(COUNT(J22:L22)=0,"",AVERAGE(J22:L22)) | N22: =IF(COUNT(J22:L22)<2,"",MAX(J22:L22)-MIN(J22:L22)) | O22: =IF(OR(M22="",H22="",I22=""),"",IF(ABS(M22-H22)<=I22,"DALAM TOLERANSI","LUAR TOLERANSI"))
A23: EM5 | B23: Pelindung logam: lebar x panjang | C23: - | D23: [Housing] | F23: 15,8 x 17,6 mm | G23: [7] Gambar 8 (DS-ESP1) | M23: =IF(COUNT(J23:L23)=0,"",AVERAGE(J23:L23)) | N23: =IF(COUNT(J23:L23)<2,"",MAX(J23:L23)-MIN(J23:L23)) | O23: =IF(OR(M23="",H23="",I23=""),"",IF(ABS(M23-H23)<=I23,"DALAM TOLERANSI","LUAR TOLERANSI"))
A24: EM6 | B24: Pad ground tengah (sisi) | C24: - | D24: [PCB] | F24: 3,6 mm | G24: [7] Gambar 8 (DS-ESP1) | M24: =IF(COUNT(J24:L24)=0,"",AVERAGE(J24:L24)) | N24: =IF(COUNT(J24:L24)<2,"",MAX(J24:L24)-MIN(J24:L24)) | O24: =IF(OR(M24="",H24="",I24=""),"",IF(ABS(M24-H24)<=I24,"DALAM TOLERANSI","LUAR TOLERANSI"))
A25: EM7 | B25: Jumlah pad dan pitch | C25: - | D25: [PCB] | F25: 38 pad, pitch 1,27 mm | G25: [7] Gambar 11 (DS-ESP1) | M25: =IF(COUNT(J25:L25)=0,"",AVERAGE(J25:L25)) | N25: =IF(COUNT(J25:L25)<2,"",MAX(J25:L25)-MIN(J25:L25)) | O25: =IF(OR(M25="",H25="",I25=""),"",IF(ABS(M25-H25)<=I25,"DALAM TOLERANSI","LUAR TOLERANSI"))
A26: EM8 | B26: Ukuran pad (pola PCB) | C26: - | D26: [PCB] | F26: 1,50 x 0,90 mm | G26: [7] Gambar 11 (DS-ESP1) | M26: =IF(COUNT(J26:L26)=0,"",AVERAGE(J26:L26)) | N26: =IF(COUNT(J26:L26)<2,"",MAX(J26:L26)-MIN(J26:L26)) | O26: =IF(OR(M26="",H26="",I26=""),"",IF(ABS(M26-H26)<=I26,"DALAM TOLERANSI","LUAR TOLERANSI"))
A27: EM9 | B27: Rentang pin 1-14 (pusat ke pusat) | C27: - | D27: [PCB] | F27: 16,51 mm (= 13 x 1,27) | G27: [7] Gambar 11 (DS-ESP1) | H27: 16.51 | M27: =IF(COUNT(J27:L27)=0,"",AVERAGE(J27:L27)) | N27: =IF(COUNT(J27:L27)<2,"",MAX(J27:L27)-MIN(J27:L27)) | O27: =IF(OR(M27="",H27="",I27=""),"",IF(ABS(M27-H27)<=I27,"DALAM TOLERANSI","LUAR TOLERANSI"))
A28: EM10 | B28: Rentang pin 15-24 (pusat ke pusat) | C28: - | D28: [PCB] | F28: 11,43 mm (= 9 x 1,27) | G28: [7] Gambar 11 (DS-ESP1) | H28: 11.43 | M28: =IF(COUNT(J28:L28)=0,"",AVERAGE(J28:L28)) | N28: =IF(COUNT(J28:L28)<2,"",MAX(J28:L28)-MIN(J28:L28)) | O28: =IF(OR(M28="",H28="",I28=""),"",IF(ABS(M28-H28)<=I28,"DALAM TOLERANSI","LUAR TOLERANSI"))

Sheet LED
A1: Pengukuran: LED 5 mm diffused
A2: Nama part resmi | B2: Belum ada nomor part (LED generik, kemasan 5 mm)
A3: Datasheet / dokumen | B3: DS-LED1 belum diambil
A5: Tab ini menampung baris pengukuran komponen di atas. Lihat tab Petunjuk untuk cara mengukur dan legenda.
A7: ID | B7: Dimensi yang diukur | C7: Rahang | D7: Dipakai untuk | E7: Nominal / catatan lama | F7: Angka resmi (teks) | G7: Sumber angka resmi | H7: Acuan resmi (angka) | I7: Toleransi +- | J7: Ukur 1 | K7: Ukur 2 | L7: Ukur 3 | M7: Rata-rata | N7: Sebaran | O7: Status terhadap acuan | P7: Tanggal ukur | Q7: Catatan hasil
A8: L1 | B8: Diameter badan | C8: L | D8: [Housing] lubang di lid (tambah 0,2-0,3 mm per sisi) | E8: 5 mm (label) | F8: 5 mm (kemasan T-1 3/4, umum; belum resmi) | G8: DS-LED1 belum ada | M8: =IF(COUNT(J8:L8)=0,"",AVERAGE(J8:L8)) | N8: =IF(COUNT(J8:L8)<2,"",MAX(J8:L8)-MIN(J8:L8)) | O8: =IF(OR(M8="",H8="",I8=""),"",IF(ABS(M8-H8)<=I8,"DALAM TOLERANSI","LUAR TOLERANSI"))
A9: L2 | B9: Diameter flensa (rim) di dasar | C9: L | D9: [Housing] dudukan atau counterbore | E9: Sedikit di atas 5 mm; ukur | M9: =IF(COUNT(J9:L9)=0,"",AVERAGE(J9:L9)) | N9: =IF(COUNT(J9:L9)<2,"",MAX(J9:L9)-MIN(J9:L9)) | O9: =IF(OR(M9="",H9="",I9=""),"",IF(ABS(M9-H9)<=I9,"DALAM TOLERANSI","LUAR TOLERANSI"))
A10: L3 | B10: Tinggi dari dasar flensa ke puncak | C10: K | D10: [Housing] kedalaman dan tonjolan | E10: - | M10: =IF(COUNT(J10:L10)=0,"",AVERAGE(J10:L10)) | N10: =IF(COUNT(J10:L10)<2,"",MAX(J10:L10)-MIN(J10:L10)) | O10: =IF(OR(M10="",H10="",I10=""),"",IF(ABS(M10-H10)<=I10,"DALAM TOLERANSI","LUAR TOLERANSI"))
A11: L4 | B11: Diameter kaki | C11: L | D11: [PCB] diameter lubang | E11: - | M11: =IF(COUNT(J11:L11)=0,"",AVERAGE(J11:L11)) | N11: =IF(COUNT(J11:L11)<2,"",MAX(J11:L11)-MIN(J11:L11)) | O11: =IF(OR(M11="",H11="",I11=""),"",IF(ABS(M11-H11)<=I11,"DALAM TOLERANSI","LUAR TOLERANSI"))
A12: L5 | B12: Jarak antar kaki (pusat ke pusat) di pangkal | C12: L | D12: [PCB] footprint | E12: 2,54 mm (umum) | M12: =IF(COUNT(J12:L12)=0,"",AVERAGE(J12:L12)) | N12: =IF(COUNT(J12:L12)<2,"",MAX(J12:L12)-MIN(J12:L12)) | O12: =IF(OR(M12="",H12="",I12=""),"",IF(ABS(M12-H12)<=I12,"DALAM TOLERANSI","LUAR TOLERANSI"))
A13: L6 | B13: Panjang kaki (anoda dan katoda) | C13: L atau K | D13: [PCB] pembentukan kaki | E13: Anoda lebih panjang | M13: =IF(COUNT(J13:L13)=0,"",AVERAGE(J13:L13)) | N13: =IF(COUNT(J13:L13)<2,"",MAX(J13:L13)-MIN(J13:L13)) | O13: =IF(OR(M13="",H13="",I13=""),"",IF(ABS(M13-H13)<=I13,"DALAM TOLERANSI","LUAR TOLERANSI"))

Sheet Resistor
A1: Pengukuran: Resistor pembatas LED, axial
A2: Nama part resmi | B2: Belum ada nomor part (resistor 100 ohm, 1/4 W, generik)
A3: Datasheet / dokumen | B3: DS-RES1 (opsional)
A5: Tab ini menampung baris pengukuran komponen di atas. Lihat tab Petunjuk untuk cara mengukur dan legenda.
A7: ID | B7: Dimensi yang diukur | C7: Rahang | D7: Dipakai untuk | E7: Nominal / catatan lama | F7: Angka resmi (teks) | G7: Sumber angka resmi | H7: Acuan resmi (angka) | I7: Toleransi +- | J7: Ukur 1 | K7: Ukur 2 | L7: Ukur 3 | M7: Rata-rata | N7: Sebaran | O7: Status terhadap acuan | P7: Tanggal ukur | Q7: Catatan hasil
A8: R1 | B8: Panjang badan | C8: L | D8: [PCB] footprint | E8: - | F8: Badan 6,3 x 2,5 mm (DIN 0207, umum; belum resmi) | G8: DS-RES1 opsional | M8: =IF(COUNT(J8:L8)=0,"",AVERAGE(J8:L8)) | N8: =IF(COUNT(J8:L8)<2,"",MAX(J8:L8)-MIN(J8:L8)) | O8: =IF(OR(M8="",H8="",I8=""),"",IF(ABS(M8-H8)<=I8,"DALAM TOLERANSI","LUAR TOLERANSI"))
A9: R2 | B9: Diameter badan | C9: L | D9: [PCB] jarak antar komponen | E9: - | M9: =IF(COUNT(J9:L9)=0,"",AVERAGE(J9:L9)) | N9: =IF(COUNT(J9:L9)<2,"",MAX(J9:L9)-MIN(J9:L9)) | O9: =IF(OR(M9="",H9="",I9=""),"",IF(ABS(M9-H9)<=I9,"DALAM TOLERANSI","LUAR TOLERANSI"))
A10: R3 | B10: Diameter kaki | C10: L | D10: [PCB] diameter lubang | E10: - | M10: =IF(COUNT(J10:L10)=0,"",AVERAGE(J10:L10)) | N10: =IF(COUNT(J10:L10)<2,"",MAX(J10:L10)-MIN(J10:L10)) | O10: =IF(OR(M10="",H10="",I10=""),"",IF(ABS(M10-H10)<=I10,"DALAM TOLERANSI","LUAR TOLERANSI"))
A11: R4 | B11: Panjang kaki dari badan | C11: L | D11: [PCB] pembentukan kaki | E11: - | M11: =IF(COUNT(J11:L11)=0,"",AVERAGE(J11:L11)) | N11: =IF(COUNT(J11:L11)<2,"",MAX(J11:L11)-MIN(J11:L11)) | O11: =IF(OR(M11="",H11="",I11=""),"",IF(ABS(M11-H11)<=I11,"DALAM TOLERANSI","LUAR TOLERANSI"))
A12: R5 | B12: Jarak antar lubang saat dipasang horizontal (pusat ke pusat) | C12: L atau D | D12: [PCB] footprint | E12: Umum 7,62 atau 10,16 mm, bergantung cara menekuk | M12: =IF(COUNT(J12:L12)=0,"",AVERAGE(J12:L12)) | N12: =IF(COUNT(J12:L12)<2,"",MAX(J12:L12)-MIN(J12:L12)) | O12: =IF(OR(M12="",H12="",I12=""),"",IF(ABS(M12-H12)<=I12,"DALAM TOLERANSI","LUAR TOLERANSI"))

Sheet Tombol
A1: Pengukuran: Tactile push button
A2: Nama part resmi | B2: Belum ada nomor part (tactile 6 x 6 mm, THT, generik)
A3: Datasheet / dokumen | B3: DS-BTN1 belum diambil
A5: Tab ini menampung baris pengukuran komponen di atas. Lihat tab Petunjuk untuk cara mengukur dan legenda.
A7: ID | B7: Dimensi yang diukur | C7: Rahang | D7: Dipakai untuk | E7: Nominal / catatan lama | F7: Angka resmi (teks) | G7: Sumber angka resmi | H7: Acuan resmi (angka) | I7: Toleransi +- | J7: Ukur 1 | K7: Ukur 2 | L7: Ukur 3 | M7: Rata-rata | N7: Sebaran | O7: Status terhadap acuan | P7: Tanggal ukur | Q7: Catatan hasil
A8: B1 | B8: Panjang dan lebar badan | C8: L | D8: [PCB] footprint | E8: 6 x 5 mm (BOM) atau 6 x 6 mm (catatan lama); ukur | F8: 6 x 6 mm (catatan lama) atau 6 x 5 mm (BOM); belum resmi | G8: DS-BTN1 belum ada | M8: =IF(COUNT(J8:L8)=0,"",AVERAGE(J8:L8)) | N8: =IF(COUNT(J8:L8)<2,"",MAX(J8:L8)-MIN(J8:L8)) | O8: =IF(OR(M8="",H8="",I8=""),"",IF(ABS(M8-H8)<=I8,"DALAM TOLERANSI","LUAR TOLERANSI"))
A9: B2 | B9: Tinggi badan tanpa tombol | C9: L atau K | D9: [PCB] ketinggian di atas board | E9: - | M9: =IF(COUNT(J9:L9)=0,"",AVERAGE(J9:L9)) | N9: =IF(COUNT(J9:L9)<2,"",MAX(J9:L9)-MIN(J9:L9)) | O9: =IF(OR(M9="",H9="",I9=""),"",IF(ABS(M9-H9)<=I9,"DALAM TOLERANSI","LUAR TOLERANSI"))
A10: B3 | B10: Tinggi total termasuk tombol | C10: K | D10: [Housing] panjang tombol atau cutout di lid | E10: - | M10: =IF(COUNT(J10:L10)=0,"",AVERAGE(J10:L10)) | N10: =IF(COUNT(J10:L10)<2,"",MAX(J10:L10)-MIN(J10:L10)) | O10: =IF(OR(M10="",H10="",I10=""),"",IF(ABS(M10-H10)<=I10,"DALAM TOLERANSI","LUAR TOLERANSI"))
A11: B4 | B11: Diameter tombol (actuator) | C11: L | D11: [Housing] lubang di lid | E11: - | M11: =IF(COUNT(J11:L11)=0,"",AVERAGE(J11:L11)) | N11: =IF(COUNT(J11:L11)<2,"",MAX(J11:L11)-MIN(J11:L11)) | O11: =IF(OR(M11="",H11="",I11=""),"",IF(ABS(M11-H11)<=I11,"DALAM TOLERANSI","LUAR TOLERANSI"))
A12: B5 | B12: Jarak antar pin (pusat ke pusat) dan diameter pin | C12: L | D12: [PCB] footprint | E12: - | M12: =IF(COUNT(J12:L12)=0,"",AVERAGE(J12:L12)) | N12: =IF(COUNT(J12:L12)<2,"",MAX(J12:L12)-MIN(J12:L12)) | O12: =IF(OR(M12="",H12="",I12=""),"",IF(ABS(M12-H12)<=I12,"DALAM TOLERANSI","LUAR TOLERANSI"))

Sheet HX711
A1: Pengukuran: Modul HX711
A2: Nama part resmi | B2: Modul XFW-HX711 dengan chip HX711 (Avia Semiconductor)
A3: Datasheet / dokumen | B3: DS-HX1 [1] listing, [2] Avia (datasheet/pdf/HX711_datasheet_Avia.pdf), [3]
A5: Tab ini menampung baris pengukuran komponen di atas. Lihat tab Petunjuk untuk cara mengukur dan legenda.
A7: ID | B7: Dimensi yang diukur | C7: Rahang | D7: Dipakai untuk | E7: Nominal / catatan lama | F7: Angka resmi (teks) | G7: Sumber angka resmi | H7: Acuan resmi (angka) | I7: Toleransi +- | J7: Ukur 1 | K7: Ukur 2 | L7: Ukur 3 | M7: Rata-rata | N7: Sebaran | O7: Status terhadap acuan | P7: Tanggal ukur | Q7: Catatan hasil
A8: H1 | B8: Panjang x lebar PCB | C8: L | D8: [Housing] ruang | E8: - | F8: 24 x 16 mm (foto listing, bukan angka pabrikan) | G8: DS-HX1 S1 [1] | M8: =IF(COUNT(J8:L8)=0,"",AVERAGE(J8:L8)) | N8: =IF(COUNT(J8:L8)<2,"",MAX(J8:L8)-MIN(J8:L8)) | O8: =IF(OR(M8="",H8="",I8=""),"",IF(ABS(M8-H8)<=I8,"DALAM TOLERANSI","LUAR TOLERANSI"))
A9: H2 | B9: Tebal PCB dan tinggi total (chip, terminal) | C9: L atau K | D9: [Housing] kedalaman ruang | E9: - | M9: =IF(COUNT(J9:L9)=0,"",AVERAGE(J9:L9)) | N9: =IF(COUNT(J9:L9)<2,"",MAX(J9:L9)-MIN(J9:L9)) | O9: =IF(OR(M9="",H9="",I9=""),"",IF(ABS(M9-H9)<=I9,"DALAM TOLERANSI","LUAR TOLERANSI"))
A10: H3 | B10: Diameter dan jarak antar lubang mounting | C10: D | D10: [Housing] tiang mounting | E10: - | M10: =IF(COUNT(J10:L10)=0,"",AVERAGE(J10:L10)) | N10: =IF(COUNT(J10:L10)<2,"",MAX(J10:L10)-MIN(J10:L10)) | O10: =IF(OR(M10="",H10="",I10=""),"",IF(ABS(M10-H10)<=I10,"DALAM TOLERANSI","LUAR TOLERANSI"))
A11: H4 | B11: Pitch dan posisi header (VCC, DT, SCK, GND) dari tepi | C11: L | D11: [PCB] footprint header | E11: 2,54 mm (umum) | F11: Pitch 2,54 mm (umum) | G11: DS-HX1 | M11: =IF(COUNT(J11:L11)=0,"",AVERAGE(J11:L11)) | N11: =IF(COUNT(J11:L11)<2,"",MAX(J11:L11)-MIN(J11:L11)) | O11: =IF(OR(M11="",H11="",I11=""),"",IF(ABS(M11-H11)<=I11,"DALAM TOLERANSI","LUAR TOLERANSI"))
A12: H5 | B12: Posisi terminal load cell (E+, E-, A-, A+) dari tepi | C12: L | D12: [Housing] rute kabel | E12: - | M12: =IF(COUNT(J12:L12)=0,"",AVERAGE(J12:L12)) | N12: =IF(COUNT(J12:L12)<2,"",MAX(J12:L12)-MIN(J12:L12)) | O12: =IF(OR(M12="",H12="",I12=""),"",IF(ABS(M12-H12)<=I12,"DALAM TOLERANSI","LUAR TOLERANSI"))

Sheet LCD I2C
A1: Pengukuran: LCD 1602 dengan backpack I2C
A2: Nama part resmi | B2: LCD: HS1602A (Shenzhen Hansheng Industrial); backpack: PCF8574 atau PCF8574A (NXP), penandaan chip belum diperiksa
A3: Datasheet / dokumen | B3: DS-LCD1 [11], [12] (datasheet/pdf/HS1602A_datasheet.pdf); DS-I2C1 [13]
A5: Tab ini menampung baris pengukuran komponen di atas. Lihat tab Petunjuk untuk cara mengukur dan legenda.
A7: ID | B7: Dimensi yang diukur | C7: Rahang | D7: Dipakai untuk | E7: Nominal / catatan lama | F7: Angka resmi (teks) | G7: Sumber angka resmi | H7: Acuan resmi (angka) | I7: Toleransi +- | J7: Ukur 1 | K7: Ukur 2 | L7: Ukur 3 | M7: Rata-rata | N7: Sebaran | O7: Status terhadap acuan | P7: Tanggal ukur | Q7: Catatan hasil
A8: D1 | B8: Panjang x lebar PCB LCD | C8: L | D8: [Housing] outline dan cutout lid | E8: Umumnya sekitar 80 x 36 mm; ukur | F8: 80,0 +-0,3 x 36,0 +-0,3 mm | G8: [12] HS1602A, DS-LCD1; vendor 80 x 36 [11] | M8: =IF(COUNT(J8:L8)=0,"",AVERAGE(J8:L8)) | N8: =IF(COUNT(J8:L8)<2,"",MAX(J8:L8)-MIN(J8:L8)) | O8: =IF(OR(M8="",H8="",I8=""),"",IF(ABS(M8-H8)<=I8,"DALAM TOLERANSI","LUAR TOLERANSI"))
A9: D2 | B9: Tebal total modul (LCD + backpack) | C9: L | D9: [Housing] kedalaman | E9: - | F9: 11,0 mm (maks 12,0 atau 9,0); vendor 15 mm | G9: [12] HS1602A; [11] vendor | M9: =IF(COUNT(J9:L9)=0,"",AVERAGE(J9:L9)) | N9: =IF(COUNT(J9:L9)<2,"",MAX(J9:L9)-MIN(J9:L9)) | O9: =IF(OR(M9="",H9="",I9=""),"",IF(ABS(M9-H9)<=I9,"DALAM TOLERANSI","LUAR TOLERANSI"))
A10: D3 | B10: Area tampilan (jendela): panjang x lebar dan offset dari tepi PCB | C10: L | D10: [Housing] cutout jendela di lid | E10: - | F10: Visible area 64,5 x 13,9 mm (gambar 13,8); vendor 64,5 x 16 mm | G10: [12] HS1602A; [11] vendor | M10: =IF(COUNT(J10:L10)=0,"",AVERAGE(J10:L10)) | N10: =IF(COUNT(J10:L10)<2,"",MAX(J10:L10)-MIN(J10:L10)) | O10: =IF(OR(M10="",H10="",I10=""),"",IF(ABS(M10-H10)<=I10,"DALAM TOLERANSI","LUAR TOLERANSI"))
A11: D4 | B11: Diameter dan jarak antar lubang mounting | C11: D | D11: [Housing] tiang mounting | E11: Umumnya sekitar 75 x 31 mm; ukur | F11: 4 x diameter 2,5 mm, jarak 75,0 x 31,0 mm | G11: [12] HS1602A | M11: =IF(COUNT(J11:L11)=0,"",AVERAGE(J11:L11)) | N11: =IF(COUNT(J11:L11)<2,"",MAX(J11:L11)-MIN(J11:L11)) | O11: =IF(OR(M11="",H11="",I11=""),"",IF(ABS(M11-H11)<=I11,"DALAM TOLERANSI","LUAR TOLERANSI"))
A12: D5 | B12: Tinggi backpack I2C di belakang PCB | C12: K | D12: [Housing] clearance | E12: - | M12: =IF(COUNT(J12:L12)=0,"",AVERAGE(J12:L12)) | N12: =IF(COUNT(J12:L12)<2,"",MAX(J12:L12)-MIN(J12:L12)) | O12: =IF(OR(M12="",H12="",I12=""),"",IF(ABS(M12-H12)<=I12,"DALAM TOLERANSI","LUAR TOLERANSI"))
A13: D6 | B13: Posisi dan pitch header 4 pin (GND, VCC, SDA, SCL) dari tepi | C13: L | D13: [PCB] footprint | E13: 2,54 mm (umum) | F13: 16 pin 2,54 mm pada modul LCD; header 4 pin backpack tanpa angka resmi | G13: [12] HS1602A | M13: =IF(COUNT(J13:L13)=0,"",AVERAGE(J13:L13)) | N13: =IF(COUNT(J13:L13)<2,"",MAX(J13:L13)-MIN(J13:L13)) | O13: =IF(OR(M13="",H13="",I13=""),"",IF(ABS(M13-H13)<=I13,"DALAM TOLERANSI","LUAR TOLERANSI"))

Sheet Load cell
A1: Pengukuran: Load cell 80 kg
A2: Nama part resmi | B2: CZL601 (Eagle Weigh) / CZL-601 (GJ Impex), kapasitas 80 kg
A3: Datasheet / dokumen | B3: DS-LC1 [4] listing, [5] Eagle Weigh, [6] GJ Impex (datasheet/pdf/GJ_Impex_CZL-601_load_cell.pdf, CZL601_Datasheet.pdf)
A5: Tab ini menampung baris pengukuran komponen di atas. Lihat tab Petunjuk untuk cara mengukur dan legenda.
A7: ID | B7: Dimensi yang diukur | C7: Rahang | D7: Dipakai untuk | E7: Nominal / catatan lama | F7: Angka resmi (teks) | G7: Sumber angka resmi | H7: Acuan resmi (angka) | I7: Toleransi +- | J7: Ukur 1 | K7: Ukur 2 | L7: Ukur 3 | M7: Rata-rata | N7: Sebaran | O7: Status terhadap acuan | P7: Tanggal ukur | Q7: Catatan hasil
A8: C1 | B8: Panjang x lebar x tinggi | C8: L | D8: [Grip] verifikasi spesifikasi | E8: 130 x 28 x 22 mm (gambar penjual; GJ Impex menulis lebar 30 mm) | F8: 130 x 30 x 22 mm (GJ Impex); 130 x 28 x 22 mm (vendor) | G8: [6] GJ Impex; [4] vendor | M8: =IF(COUNT(J8:L8)=0,"",AVERAGE(J8:L8)) | N8: =IF(COUNT(J8:L8)<2,"",MAX(J8:L8)-MIN(J8:L8)) | O8: =IF(OR(M8="",H8="",I8=""),"",IF(ABS(M8-H8)<=I8,"DALAM TOLERANSI","LUAR TOLERANSI")) | P8: 10 Okt. 2026 | Q8: 130 x 28 x 21,5 (10 Okt. 2026)
A9: C2 | B9: Diameter lubang baut di ujung tetap dan ujung bebas (KRITIS) | C9: D | D9: [Grip] lubang baut di pelat dan spacer A dan B | E9: Ulir M6 (gambar penjual) | F9: Ulir M6 (vendor) | G9: [4] | M9: =IF(COUNT(J9:L9)=0,"",AVERAGE(J9:L9)) | N9: =IF(COUNT(J9:L9)<2,"",MAX(J9:L9)-MIN(J9:L9)) | O9: =IF(OR(M9="",H9="",I9=""),"",IF(ABS(M9-H9)<=I9,"DALAM TOLERANSI","LUAR TOLERANSI"))
A10: C3 | B10: Jarak pusat-ke-pusat antar lubang di tiap ujung (KRITIS) | C10: L atau D | D10: [Grip] pola lubang | E10: 106 mm antar pasangan, 15 mm melintang (gambar penjual) | F10: 106 mm antar pasangan, 15 mm melintang (gambar penjual) | G10: [4] | M10: =IF(COUNT(J10:L10)=0,"",AVERAGE(J10:L10)) | N10: =IF(COUNT(J10:L10)<2,"",MAX(J10:L10)-MIN(J10:L10)) | O10: =IF(OR(M10="",H10="",I10=""),"",IF(ABS(M10-H10)<=I10,"DALAM TOLERANSI","LUAR TOLERANSI"))
A11: C4 | B11: Jarak pusat lubang dari ujung badan | C11: K atau L | D11: [Grip] posisi dan panjang spacer | E11: 12 mm (gambar penjual) | F11: 12 mm (gambar penjual) | G11: [4] | M11: =IF(COUNT(J11:L11)=0,"",AVERAGE(J11:L11)) | N11: =IF(COUNT(J11:L11)<2,"",MAX(J11:L11)-MIN(J11:L11)) | O11: =IF(OR(M11="",H11="",I11=""),"",IF(ABS(M11-H11)<=I11,"DALAM TOLERANSI","LUAR TOLERANSI"))
A12: C5 | B12: Arah panah beban dan sisi (22 atau 28 mm) yang searah panah (KRITIS; catat, bukan ukur) | C12: - | D12: [Grip] sisi yang menghadap telapak, tebal total grip | E12: - | M12: =IF(COUNT(J12:L12)=0,"",AVERAGE(J12:L12)) | N12: =IF(COUNT(J12:L12)<2,"",MAX(J12:L12)-MIN(J12:L12)) | O12: =IF(OR(M12="",H12="",I12=""),"",IF(ABS(M12-H12)<=I12,"DALAM TOLERANSI","LUAR TOLERANSI")) | P12: 12 Okt. 2026 | Q12: Stiker panah di muka ujung bebas, sepanjang tebal 21,5 mm, menunjuk ke arah B (A di atas), sesuai stiker asli (diperbarui 12 Okt. 2026; sebelumnya tertulis "ke bawah, searah lubang pasang"). Gaya nyata B ke A berlawanan: pembacaan negatif, tanda diatur di firmware
A13: C6 | B13: Lubang tembus atau buta, polos atau berulir; kedalaman | C13: K atau D | D13: [Grip] jenis dan panjang baut | E13: - | M13: =IF(COUNT(J13:L13)=0,"",AVERAGE(J13:L13)) | N13: =IF(COUNT(J13:L13)<2,"",MAX(J13:L13)-MIN(J13:L13)) | O13: =IF(OR(M13="",H13="",I13=""),"",IF(ABS(M13-H13)<=I13,"DALAM TOLERANSI","LUAR TOLERANSI"))
A14: C7 | B14: Posisi keluar kabel dan diameter kabel | C14: L | D14: [Grip] jepit kabel dan jangkauan housing elektronik | E14: Panjang kabel sekitar 28 cm (listing) atau 0,42 m (GJ Impex), ukur dengan meteran; diameter 4 mm (GJ Impex) | F14: Kabel diameter 4 mm, 0,42 m (GJ Impex); sekitar 28 cm (vendor) | G14: [6]; [4] | M14: =IF(COUNT(J14:L14)=0,"",AVERAGE(J14:L14)) | N14: =IF(COUNT(J14:L14)<2,"",MAX(J14:L14)-MIN(J14:L14)) | O14: =IF(OR(M14="",H14="",I14=""),"",IF(ABS(M14-H14)<=I14,"DALAM TOLERANSI","LUAR TOLERANSI")) | P14: 11 Okt. 2026 | Q14: Diameter 4 mm (11 Okt. 2026). Kabel keluar dari muka samping panjang, tengah tinggi, lewat lubang Ø5 mm dengan pusat 4,2 mm dari ujung (tepi ke arah tengah 6,7 mm). Panjang belum diukur. 4 kabel: merah, hitam, putih, hijau
A15: C8 | B15: Slot atau lubang di tengah badan (diameter, posisi), jika ada | C15: D | D15: [Grip] petunjuk tipe elemen dan kepekaan titik tekan | E15: - | M15: =IF(COUNT(J15:L15)=0,"",AVERAGE(J15:L15)) | N15: =IF(COUNT(J15:L15)<2,"",MAX(J15:L15)-MIN(J15:L15)) | O15: =IF(OR(M15="",H15="",I15=""),"",IF(ABS(M15-H15)<=I15,"DALAM TOLERANSI","LUAR TOLERANSI"))
A16: C9 | B16: Resistansi antar pasangan kabel (multimeter, rentang 2k; satuan ohm, bukan mm) | C16: - | D16: [Grip] [PCB] pemetaan eksitasi dan sinyal | E16: Datasheet: masukan 401 +-10 ohm, keluaran 350 +-5 ohm | F16: Masukan 400 +-10 ohm (GJ Impex), 401 +-10 (vendor); keluaran 350 +-5 ohm (keduanya) | G16: [6]; [4] | M16: =IF(COUNT(J16:L16)=0,"",AVERAGE(J16:L16)) | N16: =IF(COUNT(J16:L16)<2,"",MAX(J16:L16)-MIN(J16:L16)) | O16: =IF(OR(M16="",H16="",I16=""),"",IF(ABS(M16-H16)<=I16,"DALAM TOLERANSI","LUAR TOLERANSI")) | P16: 10 Okt. 2026 | Q16: Hitam-putih 393; merah-hijau 347; pasangan silang 260-306 (dua kali pengukuran, konsisten)

Sheet Baut dan mur
A1: Pengukuran: Baut, washer, dan mur
A2: Nama part resmi | B2: ISO 4017 M6 x 25 kelas 8.8; washer ISO 7089 M6; mur ISO 4032 M6 (bagian modul cetak); M3 untuk bagian modul 3D printing
A3: Datasheet / dokumen | B3: DS-MAT3 (ISO 898-1 dan standar dimensi) belum diambil
A5: Tab ini menampung baris pengukuran komponen di atas. Lihat tab Petunjuk untuk cara mengukur dan legenda.
A7: ID | B7: Dimensi yang diukur | C7: Rahang | D7: Dipakai untuk | E7: Nominal / catatan lama | F7: Angka resmi (teks) | G7: Sumber angka resmi | H7: Acuan resmi (angka) | I7: Toleransi +- | J7: Ukur 1 | K7: Ukur 2 | L7: Ukur 3 | M7: Rata-rata | N7: Sebaran | O7: Status terhadap acuan | P7: Tanggal ukur | Q7: Catatan hasil
A8: F1 | B8: Diameter ulir dan panjang di bawah kepala | C8: L | D8: [Grip] [Cetak] lubang dan panjang baut | E8: Grip: M6 x 25 (washer logam). M3 x 10 mm untuk bagian modul 3D printing | F8: M6 x 25, kepala heksagonal (ISO 4017) | G8: ISO 4017 | M8: =IF(COUNT(J8:L8)=0,"",AVERAGE(J8:L8)) | N8: =IF(COUNT(J8:L8)<2,"",MAX(J8:L8)-MIN(J8:L8)) | O8: =IF(OR(M8="",H8="",I8=""),"",IF(ABS(M8-H8)<=I8,"DALAM TOLERANSI","LUAR TOLERANSI"))
A9: F2 | B9: Diameter kepala dan tinggi kepala | C9: L atau K | D9: [Grip] tonjolan di luar pelat (tanpa counterbore) | E9: - | F9: Kepala M6: lebar antar sisi 10 mm, tinggi 4,0 mm (ISO 4017); washer M6: d1 6,4, d2 12, tebal 1,6 mm (ISO 7089) | G9: ISO 4017; ISO 7089 | M9: =IF(COUNT(J9:L9)=0,"",AVERAGE(J9:L9)) | N9: =IF(COUNT(J9:L9)<2,"",MAX(J9:L9)-MIN(J9:L9)) | O9: =IF(OR(M9="",H9="",I9=""),"",IF(ABS(M9-H9)<=I9,"DALAM TOLERANSI","LUAR TOLERANSI"))
A10: F3 | B10: Lebar antar sisi (across flats) dan tebal | C10: L | D10: [Cetak] kantong heksagonal (bagian modul; grip memakai ulir load cell, tanpa mur) | E10: - | F10: Mur M6: lebar antar sisi 10 mm, tebal maks 5,2 mm (ISO 4032) | G10: ISO 4032 | M10: =IF(COUNT(J10:L10)=0,"",AVERAGE(J10:L10)) | N10: =IF(COUNT(J10:L10)<2,"",MAX(J10:L10)-MIN(J10:L10)) | O10: =IF(OR(M10="",H10="",I10=""),"",IF(ABS(M10-H10)<=I10,"DALAM TOLERANSI","LUAR TOLERANSI"))

Sheet Kabel dan konektor
A1: Pengukuran: Kabel USB dan konektor jumper
A2: Nama part resmi | B2: Kabel micro-USB (USB 2.0 Micro-B); konektor jumper Dupont 2,54 mm
A3: Datasheet / dokumen | B3: Tidak ada datasheet; cangkang plug bervariasi per produsen
A5: Tab ini menampung baris pengukuran komponen di atas. Lihat tab Petunjuk untuk cara mengukur dan legenda.
A7: ID | B7: Dimensi yang diukur | C7: Rahang | D7: Dipakai untuk | E7: Nominal / catatan lama | F7: Angka resmi (teks) | G7: Sumber angka resmi | H7: Acuan resmi (angka) | I7: Toleransi +- | J7: Ukur 1 | K7: Ukur 2 | L7: Ukur 3 | M7: Rata-rata | N7: Sebaran | O7: Status terhadap acuan | P7: Tanggal ukur | Q7: Catatan hasil
A8: F4 | B8: Lebar x tinggi cangkang plug dan panjang plug | C8: L | D8: [Housing] cutout USB | E8: - | M8: =IF(COUNT(J8:L8)=0,"",AVERAGE(J8:L8)) | N8: =IF(COUNT(J8:L8)<2,"",MAX(J8:L8)-MIN(J8:L8)) | O8: =IF(OR(M8="",H8="",I8=""),"",IF(ABS(M8-H8)<=I8,"DALAM TOLERANSI","LUAR TOLERANSI"))
A9: F5 | B9: Lebar x tinggi housing konektor | C9: L | D9: [Housing] ruang dan rute kabel | E9: - | M9: =IF(COUNT(J9:L9)=0,"",AVERAGE(J9:L9)) | N9: =IF(COUNT(J9:L9)<2,"",MAX(J9:L9)-MIN(J9:L9)) | O9: =IF(OR(M9="",H9="",I9=""),"",IF(ABS(M9-H9)<=I9,"DALAM TOLERANSI","LUAR TOLERANSI"))

Sheet Hasil cetak
A1: Pengukuran: Part hasil cetak 3D
A2: Nama part resmi | B2: Bukan komponen beli; spacer PLA dan klem kabel
A3: Datasheet / dokumen | B3: housing-load-cell/desain-housing-load-cell.md; housing-load-cell/fusion/
A5: Tab ini menampung baris pengukuran komponen di atas. Lihat tab Petunjuk untuk cara mengukur dan legenda.
A7: ID | B7: Dimensi yang diukur | C7: Rahang | D7: Dipakai untuk | E7: Nominal / catatan lama | F7: Angka resmi (teks) | G7: Sumber angka resmi | H7: Acuan resmi (angka) | I7: Toleransi +- | J7: Ukur 1 | K7: Ukur 2 | L7: Ukur 3 | M7: Rata-rata | N7: Sebaran | O7: Status terhadap acuan | P7: Tanggal ukur | Q7: Catatan hasil
A8: P1 | B8: Diameter lubang, lebar slot, dan tebal dinding hasil cetak dibanding nilai CAD | C8: D atau L | D8: [Cetak] tabel dimensi CAD vs hasil ukur untuk laporan modul; koreksi kelonggaran | E8: - | M8: =IF(COUNT(J8:L8)=0,"",AVERAGE(J8:L8)) | N8: =IF(COUNT(J8:L8)<2,"",MAX(J8:L8)-MIN(J8:L8)) | O8: =IF(OR(M8="",H8="",I8=""),"",IF(ABS(M8-H8)<=I8,"DALAM TOLERANSI","LUAR TOLERANSI"))

Sheet Pelat logam
A1: Pengukuran: Pelat logam batang A dan B
A2: Nama part resmi | B2: Aluminium 6061-T6, 170 x 30 x 10 mm (pesanan)
A3: Datasheet / dokumen | B3: DS-MAT1 belum diambil; housing-load-cell/asumsi.md
A5: Tab ini menampung baris pengukuran komponen di atas. Lihat tab Petunjuk untuk cara mengukur dan legenda.
A7: ID | B7: Dimensi yang diukur | C7: Rahang | D7: Dipakai untuk | E7: Nominal / catatan lama | F7: Angka resmi (teks) | G7: Sumber angka resmi | H7: Acuan resmi (angka) | I7: Toleransi +- | J7: Ukur 1 | K7: Ukur 2 | L7: Ukur 3 | M7: Rata-rata | N7: Sebaran | O7: Status terhadap acuan | P7: Tanggal ukur | Q7: Catatan hasil
A8: P2 | B8: Tebal, lebar, panjang, kerataan di 3 titik | C8: L | D8: [Grip] cek terhadap parameter `bar_t`, lebar 30 mm, panjang 170 mm | E8: Sesuai pesanan; ukur | F8: Al 6061-T6; 170 x 30 x 10 mm (pesanan) | G8: housing-load-cell/asumsi.md | M8: =IF(COUNT(J8:L8)=0,"",AVERAGE(J8:L8)) | N8: =IF(COUNT(J8:L8)<2,"",MAX(J8:L8)-MIN(J8:L8)) | O8: =IF(OR(M8="",H8="",I8=""),"",IF(ABS(M8-H8)<=I8,"DALAM TOLERANSI","LUAR TOLERANSI"))
