Workbook

Sheet Mekanik
A1: Perhitungan mekanik: kekakuan pelat, tegangan, celah, spacer, baut, dan massa (housing grip)
A2: Legenda: sel BIRU dengan latar KUNING = input yang boleh diubah; HIJAU = tautan ke blok Elektrik; HITAM = rumus. Model: kantilever, spacer dan baut dianggap kaku; lenturan load cell, tinggi penutup, dan margin rakit ada di anggaran celah. Ini hitungan kasar untuk arah desain, bukan verifikasi.
A3: 1. Input geometri dan bahan
A4: Besaran | B4: Nilai | C4: Satuan | D4: Rumus / arti / catatan | E4: Referensi
A5: Beban rancangan (genggam maksimum) | B5: =Elektrik!$B$8 -> 70 | C5: kgf | D5: Tautan ke Input Elektrik (beban maksimum yang dipakai) | E5: Blok Elektrik, Input
A6: Percepatan gravitasi | B6: =Elektrik!$B$30 -> 9.80665 | C6: m/s^2 | D6: Tautan ke Input Elektrik | E6: Konstanta standar
A7: Lebar pelat A dan B (b) | B7: 30 | C7: mm | D7: Pelat aluminium polos | E7: housing-load-cell/asumsi.md Bagian 2
A8: Tebal pelat (h) | B8: 10 | C8: mm | D8: Al 6061-T6 (nilai keputusan) | E8: asumsi.md Bagian 2; HL9
A9: Panjang pelat | B9: 170 | C9: mm | D9: Dipotong dari pelat 170 x 30 x 10 | E9: asumsi.md Bagian 2
A10: Modulus elastisitas aluminium (E) | B10: 70000 | C10: MPa | D10: 70 GPa dipakai di seluruh perhitungan; belum ada datasheet pemasok | E10: DS-MAT1 (belum diambil); asumsi.md Bagian 2
A11: Kuat luluh minimum Al 6061-T6 | B11: 240 | C11: MPa | D11: Nilai minimum yang dipakai untuk faktor keamanan | E11: asumsi.md Bagian 2; DS-MAT1 (belum diambil)
A12: Massa jenis aluminium | B12: 2700 | C12: kg/m^3 | D12: Nilai umum Al 6061 | E12: DS-MAT1 (belum diambil)
A13: Panjang load cell | B13: 130 | C13: mm | D13: Terukur 10 Okt. 2026 (gambar penjual 130) | E13: tabel-pengukuran-hgd.xlsx tab Load cell (C1); DS-LC1
A14: Tinggi load cell | B14: 21.5 | C14: mm | D14: Terukur 10 Okt. 2026 (gambar penjual 22) | E14: tabel-pengukuran-hgd.xlsx tab Load cell (C1); DS-LC1
A15: Panjang blok ujung load cell (boss_L) | B15: 28 | C15: mm | D15: Taksiran dari gambar penjual; ukur dengan jangka sorong | E15: tabel-pengukuran-hgd.xlsx tab Load cell (C4); DS-LC1
A16: Diameter lubang lewat di pelat | B16: 6.6 | C16: mm | D16: Lubang lewat M6 seri sedang | E16: ISO 273; asumsi.md Bagian 2.4
A17: Celah pelat ke badan load cell | B17: 2.5 | C17: mm | D17: Celah bebas-sentuh | E17: asumsi.md Bagian 2.2
A18: Tinggi ridge dan bidang tumpu | B18: 5 | C18: mm | D18: Di sisi luar B | E18: asumsi.md Bagian 3.3
A19: 2. Geometri turunan dan kekakuan pelat (kantilever)
A20: Besaran | B20: Nilai | C20: Satuan | D20: Rumus / arti / catatan | E20: Referensi
A21: Lengan tuas a | B21: =$B$13/2-$B$15 -> 37 | C21: mm | D21: a = L_lc/2 - boss_L | E21: asumsi.md Bagian 2 (Model)
A22: Jarak ujung jauh x | B22: =$B$13-$B$15 -> 102 | C22: mm | D22: x = L_lc - boss_L | E22: asumsi.md Bagian 2 (Model)
A23: Bentang bebas | B23: =$B$13-2*$B$15 -> 74 | C23: mm | D23: L_lc - 2 x boss_L | E23: asumsi.md Bagian 2
A24: Gaya rancangan F | B24: =$B$5*$B$6 -> 686.4655 | C24: N | D24: F = kgf x g (kgf dianggap sama dengan kg-massa) | E24: asumsi.md Bagian 2
A25: Momen inersia penampang pelat I | B25: =$B$7*$B$8^3/12 -> 2500 | C25: mm^4 | D25: I = b h^3 / 12 | E25: asumsi.md Bagian 2
A26: Lenturan di titik beban, delta(a) | B26: =$B$24*$B$21^3/(3*$B$10*$B$25) -> 0.066231499 | C26: mm | D26: delta(a) = F a^3 / (3 E I) | E26: asumsi.md Bagian 2; HL9
A27: Lenturan di ujung jauh, delta(x) | B27: =$B$24*$B$21^2*(3*$B$22-$B$21)/(6*$B$10*$B$25) -> 0.24076045 | C27: mm | D27: delta(x) = F a^2 (3x - a) / (6 E I) | E27: asumsi.md Bagian 2; HL9
A28: Tegangan lentur di pangkal, sigma | B28: =$B$24*$B$21*($B$8/2)/$B$25 -> 50.798447 | C28: MPa | D28: sigma = F a (h/2) / I | E28: asumsi.md Bagian 2
A29: Tegangan bersih di lubang, sigma_net | B29: =$B$28*$B$7/($B$7-2*$B$16) -> 90.711512 | C29: MPa | D29: sigma_net = sigma x b / (b - 2d); konservatif | E29: asumsi.md Bagian 2
A30: Faktor keamanan terhadap luluh | B30: =$B$11/$B$29 -> 2.6457502 | C30: x | D30: Kuat luluh / sigma_net | E30: asumsi.md Bagian 2
A31: 3. Anggaran celah
A32: Besaran | B32: Nilai | C32: Satuan | D32: Rumus / arti / catatan | E32: Referensi
A33: Lenturan load cell sendiri pada beban rancangan | B33: 0.5 | C33: mm | D33: Asumsi desain; belum diukur | E33: asumsi.md Bagian 2.3
A34: Tinggi penutup / area tengah di atas permukaan | B34: 1 | C34: mm | D34: Asumsi desain | E34: asumsi.md Bagian 2.3
A35: Margin rakit (kerataan pelat, spacer, baut) | B35: 0.3 | C35: mm | D35: Asumsi desain | E35: asumsi.md Bagian 2.3
A36: Total celah terpakai | B36: =$B$27+$B$33+$B$34+$B$35 -> 2.0407604 | C36: mm | D36: Lenturan ujung jauh + tiga butir di atas | E36: asumsi.md Bagian 2.3
A37: Sisa celah | B37: =$B$17-$B$36 -> 0.45923955 | C37: mm | D37: Harus positif | E37: asumsi.md Bagian 2.3
A38: Status celah | B38: =IF($B$37>0,"AMAN","CELAH TERLAMPAUI") -> AMAN | C38: -
A39: 4. Spacer PLA dan baut
A40: Besaran | B40: Nilai | C40: Satuan | D40: Rumus / arti / catatan | E40: Referensi
A41: Lebar spacer | B41: 28 | C41: mm | D41: Selaras dengan lebar load cell terukur | E41: asumsi.md Bagian 3.4
A42: Panjang spacer | B42: 28 | C42: mm | D42: Tidak boleh melewati blok ujung load cell | E42: asumsi.md Bagian 3.4
A43: Tebal spacer | B43: 2.5 | C43: mm | D43: Sama dengan celah | E43: asumsi.md Bagian 3.1
A44: Diameter lubang di spacer (untuk luas bersih) | B44: 6.5 | C44: mm | D44: Perhitungan asumsi.md memakai 6,5; lubang spacer keputusan 7,0 | E44: asumsi.md Bagian 3.1, 2.4
A45: Jumlah lubang per spacer | B45: 2 | C45: buah | D45: Tiap spacer menutup dua lubang | E45: asumsi.md Bagian 3.1
A46: Modulus PLA | B46: 3000 | C46: MPa | D46: Perkiraan ≈3 GPa; belum ada datasheet filamen | E46: asumsi.md Bagian 3.1; DS-MAT2 (belum diambil)
A47: Luas bersih spacer | B47: =$B$41*$B$42-$B$45*PI()/4*$B$44^2 -> 717.63386 | C47: mm^2 | D47: Luas penuh dikurangi lubang | E47: asumsi.md Bagian 3.1
A48: Kompresi spacer | B48: =$B$24*$B$43/($B$47*$B$46) -> 0.00079713991 | C48: mm | D48: F t / (A E); dapat diabaikan terhadap celah | E48: asumsi.md Bagian 3.1
A49: Tekanan rata-rata spacer | B49: =$B$24/$B$47 -> 0.95656789 | C49: MPa | D49: F / A | E49: asumsi.md Bagian 3.1
A50: Momen pada spacer | B50: =$B$24*$B$21 -> 25399.224 | C50: N.mm | D50: M = F a | E50: asumsi.md Bagian 3.2
A51: Modulus penampang spacer | B51: =$B$41*$B$42^2/6 -> 3658.6667 | C51: mm^3 | D51: S = b h^2 / 6 (penampang utuh) | E51: asumsi.md Bagian 3.2
A52: Tekanan tepi (metode lama, preload cukup) | B52: =$B$50/$B$51+$B$49 -> 7.8987755 | C52: MPa | D52: M/S + tekanan rata-rata | E52: asumsi.md Bagian 3.2
A53: Diameter nominal ulir baut | B53: 6 | C53: mm | D53: M6 | E53: ISO 4017 / ISO 898-1
A54: Torsi pengencang | B54: 3 | C54: N.m | D54: Asumsi desain, di bawah batas baut kelas 8.8 | E54: asumsi.md Bagian 3.2
A55: Koefisien torsi K | B55: 0.2 | C55: - | D55: Nilai umum baut kering | E55: asumsi.md Bagian 3.2
A56: Preload per baut | B56: =$B$54*1000/($B$55*$B$53) -> 2500 | C56: N | D56: T = K d F | E56: asumsi.md Bagian 3.2
A57: Jarak baut ke tepi dalam spacer | B57: 16 | C57: mm | D57: Spacer 28 - 12 mm dari ujung | E57: asumsi.md Bagian 3.2
A58: Tarik baut per ujung (ungkit) | B58: =$B$24*$B$21/$B$57 -> 1587.4515 | C58: N | D58: F a / l | E58: asumsi.md Bagian 3.2
A59: Gaya kontak di tepi dalam | B59: =$B$24*($B$21+$B$57)/$B$57 -> 2273.917 | C59: N | D59: F (a + l) / l | E59: asumsi.md Bagian 3.2
A60: Lebar kontak kerja (asumsi) | B60: 5 | C60: mm | D60: Asumsi kerja | E60: asumsi.md Bagian 3.2
A61: Tekanan lokal di tepi dalam | B61: =$B$59/($B$41*$B$60) -> 16.242264 | C61: MPa | D61: Fc / (lebar x lebar kontak) | E61: asumsi.md Bagian 3.2
A62: Panjang baut | B62: 25 | C62: mm | D62: M6 x 25, kelas 8.8 | E62: ISO 4017
A63: Tebal washer | B63: 1.6 | C63: mm | D63: ISO 7089 untuk M6 | E63: ISO 7089
A64: Panjang ulir masuk | B64: =$B$62-$B$63-$B$8-$B$43 -> 10.9 | C64: mm | D64: Panjang baut - washer - pelat - spacer | E64: asumsi.md Bagian 3.3
A65: Ulir masuk dibanding diameter | B65: =$B$64/$B$53 -> 1.8166667 | C65: x | D65: Harus > 1 x d; ujung tidak menembus tinggi load cell | E65: asumsi.md Bagian 3.3
A66: Ujung baut dalam tinggi load cell | B66: =IF($B$64<$B$14,"AMAN","MENEMBUS") -> AMAN | C66: - | D66: Ulir tersedia sepanjang tinggi load cell (lubang tembus) | E66: asumsi.md Bagian 3.3
A67: 5. Tebal total, massa, dan beban batas
A68: Besaran | B68: Nilai | C68: Satuan | D68: Rumus / arti / catatan | E68: Referensi
A69: Tebal total pelat dan load cell | B69: =2*$B$8+2*$B$43+$B$14+$B$18 -> 51.5 | C69: mm | D69: 10 + 2,5 + 21,5 + 2,5 + 10 + ridge | E69: asumsi.md Bagian 3.3
A70: Massa satu pelat | B70: =$B$7*$B$8*$B$9*$B$12/1000000000 -> 0.1377 | C70: kg | D70: Volume x massa jenis | E70: asumsi.md
A71: Massa sepasang pelat | B71: =2*$B$70 -> 0.2754 | C71: kg | D71: Dua pelat | E71: asumsi.md
A72: Selisih massa pelat B dengan input Elektrik (massa penekan sel) | B72: =$B$70-Elektrik!$B$32 -> -0.0023 | C72: kg | D72: Mendekati nol berarti input Elektrik konsisten | E72: Blok Elektrik, Input
A73: Batas aman load cell | B73: =Elektrik!$B$7*Elektrik!$B$20/100 -> 96 | C73: kgf | D73: Kapasitas x overload aman | E73: [6] GJ Impex (DS-LC1); dipilih konservatif
A74: Batas destruktif load cell | B74: =Elektrik!$B$7*Elektrik!$B$21/100 -> 120 | C74: kgf | D74: Kapasitas x overload destruktif | E74: [6] GJ Impex (DS-LC1); dipilih konservatif
A75: Beban rancangan dibanding batas aman | B75: =$B$5/$B$73 -> 0.72916667 | C75: x | D75: < 1 berarti di bawah batas aman | E75: Blok Elektrik, Hitung 7
A77: Catatan: tidak ada stop overload mekanis; di atas sekitar 80 kgf remasan tidak terlindungi (asumsi.md Bagian 6). Angka overload 120%/150% adalah pilihan desain konservatif; vendor menyebut 150%/200%.

Sheet Elektrik
A1: Perhitungan elektrik: sinyal, ADC, noise, galat, dan kalibrasi (hand grip dynamometer, CZL 601 80 kg + HX711)
A3: Input parameter - Hand grip dynamometer (CZL 601 80 kg + HX711)
A4: Legenda: sel BIRU dengan latar KUNING = input yang boleh diubah. Blok Hitung, Galat, dan Kalibrasi di bawahnya berisi rumus dan ikut berubah. Sumber: DS-LC1 dan DS-HX1 di datasheet/datasheet-library.md ([4]-[6] load cell, [2] Avia).
A5: Parameter | B5: Nilai | C5: Satuan | D5: Sumber / catatan | E5: Referensi (nomor di datasheet/datasheet-library.md)
A6: Sensitivitas load cell (S) | B6: 2 | C6: mV/V | D6: Eagle Weigh [5]: 2,0 +-0,15 mV/V; nominal | E6: [5] Eagle Weigh (DS-LC1)
A7: Kapasitas load cell | B7: 80 | C7: kg | D7: Eagle Weigh [5] | E7: [5] Eagle Weigh (DS-LC1)
A8: Beban maksimum yang dipakai | B8: 70 | C8: kgf | D8: Asumsi proyek: pria muda maks sekitar 59 kgf (Gotthelf) + margin | E8: Gotthelf dkk. 2021 (sitasi/sitasi-hgd.md, kode G)
A9: Beban genggam tipikal (untuk % galat) | B9: 30 | C9: kgf | D9: Wanita 20-24 th rata-rata 31,7 kgf (Gotthelf) | E9: Gotthelf dkk. 2021 (sitasi/sitasi-hgd.md, kode G)
A10: Resistansi masukan jembatan | B10: 400 | C10: ohm | D10: GJ Impex [6]: 400 +-10; vendor 401 +-10; ukur saat tiba | E10: [6] GJ Impex; vendor [4] (DS-LC1)
A11: Tegangan eksitasi E+ (V_exc) | B11: 5 | C11: V | D11: Ukur di papan. Papan cacat: sekitar 4,3 V pada catu 5 V; catu 3,3 V: isi 3,3 | E11: Ukur di papan; DS-HX1 Peringatan
A12: AVDD HX711 | B12: 5 | C12: V | D12: Ukur; harus sama dengan catu modul | E12: [2] Avia (AVDD 2,6-5,5 V) (DS-HX1)
A13: Gain kanal A | B13: 128 | C13: - | D13: Avia [2]: 128 atau 64 | E13: [2] Avia (DS-HX1)
A14: Noise masukan 10 SPS | B14: 50 | C14: nV rms | D14: Avia [2], gain 128 | E14: [2] Avia (DS-HX1)
A15: Noise masukan 80 SPS | B15: 90 | C15: nV rms | D15: Avia [2], gain 128 | E15: [2] Avia (DS-HX1)
A16: Laju data terpilih | B16: 10 | C16: SPS | D16: 10 (bawaan papan) atau 80 | E16: [2] Avia (DS-HX1)
A17: Lebar kode ADC | B17: 24 | C17: bit | D17: Avia [2] | E17: [2] Avia (DS-HX1)
... A34: Jumlah pembacaan awal dibuang | B34: 4 | C34: sampel | D34: Settling 400 ms pada 10 Hz | E34: Asumsi
A37: Perhitungan utama (semua rumus; ubah nilai di blok Input (baris 3 sampai 34))
A38: Besaran | B38: Nilai | C38: Satuan | D38: Rumus / arti | E38: Referensi
A39: 1. Sinyal jembatan
A40: Keluaran jembatan pada skala penuh | B40: =$B$6*$B$11 -> 10 | C40: mV | D40: S x V_exc | E40: [5]; rumus ratiometrik jembatan
A41: Keluaran pada beban maksimum | B41: =B40*$B$8/$B$7 -> 8.75 | C41: mV | D41: S x V_exc x F/F_rated (kgf dianggap sama dengan kg) | E41: [5]
A42: Sensitivitas absolut | B42: =B40*1000000/($B$7*1000) -> 125 | C42: nV/g | D42: Pengubah noise ke gram | E42: [5]
A43: 2. Rentang ADC
A44: Skala penuh ADC (+-) | B44: =1000*0.5*$B$12/$B$13 -> 19.53125 | C44: mV | D44: 0,5 x AVDD / gain | E44: [2] Avia: skala penuh = 0,5 x AVDD / gain
A45: Pemakaian rentang pada kapasitas penuh | B45: =B40/B44 -> 0.512 | C45: - | D45: Saturasi jika > 1 | E45: [2]
A46: Pemakaian rentang pada beban maksimum | B46: =B41/B44 -> 0.448 | C46: - | E46: [2]
A47: Pemakaian pada overload aman | B47: =B45*$B$20/100 -> 0.6144 | C47: - | E47: [2]
A48: Pemakaian pada overload destruktif | B48: =B45*$B$21/100 -> 0.768 | C48: - | E48: [2]
A49: Status saturasi | B49: =IF(B48<1,"AMAN","SATURASI") -> AMAN | C49: - | D49: Pada overload destruktif | E49: [2]
A50: 3. Common-mode
A51: Titik tengah jembatan | B51: =$B$11/2 -> 2.5 | C51: V | D51: Perkiraan: E+/2 | E51: [2] Avia: kisaran common-mode
A52: Batas bawah | B52: =$B$18 -> 1.2 | C52: V | D52: AGND + 1,2 | E52: [2] Avia
A53: Batas atas | B53: =$B$12-$B$19 -> 3.7 | C53: V | D53: AVDD - 1,3 | E53: [2] Avia
A54: Status | B54: =IF(AND(B51>=B52,B51<=B53),"LULUS","CEK") -> LULUS | C54: - | E54: [2]
A55: 4. Hitungan ADC (counts)
A56: Hitungan pada kapasitas penuh | B56: =B45*2^($B$17-1) -> 4294967.3 | C56: count | D56: Pemakaian x 2^23 | E56: [2] Avia: 24 bit
A57: Faktor skala ideal | B57: =B56/($B$7*1000) -> 53.687091 | C57: count/g | D57: Bandingkan dengan hasil kalibrasi | E57: [2]
A58: LSB ideal | B58: =1000/B57 -> 18.626451 | C58: mg | D58: Resolusi kuantisasi | E58: [2]
A59: 5. Noise
A60: Noise rms pada laju terpilih | B60: =IF($B$16=80,$B$15,$B$14)/B42 -> 0.4 | C60: g rms | D60: nV / (nV/g) | E60: [2] Avia: noise masukan
A61: Noise 10 SPS | B61: =$B$14/B42 -> 0.4 | C61: g rms | E61: [2]
A62: Noise 80 SPS | B62: =$B$15/B42 -> 0.72 | C62: g rms | E62: [2]
A63: Noise dalam count (laju terpilih) | B63: =B60*B57 -> 21.474836 | C63: count rms | E63: [2]
A64: Noise puncak-ke-puncak (6,6 sigma) | B64: =6.6*B60 -> 2.64 | C64: g | E64: Aturan 6,6 sigma (praktik umum)
A65: Bit bebas-noise pada beban maksimum | B65: =LOG($B$8*1000/B64,2) -> 14.694529 | C65: bit | D65: log2(rentang / p-p) | E65: [2]
A66: 6. Rata-rata dan waktu
A67: Interval sampel | B67: =1000/$B$16 -> 100 | C67: ms | E67: [2] Avia: laju data
A68: Sampel selama tahan | B68: =$B$16*$B$31 -> 40 | C68: sampel | E68: -
A69: Waktu pembuangan pembacaan awal | B69: =$B$34*B67 -> 400 | C69: ms | E69: -
A70: Noise setelah rata-rata 1 s | B70: =B60/SQRT($B$16) -> 0.12649111 | C70: g rms | D70: sigma/akar N; hanya jika noise putih | E70: Rata-rata sampel bebas
A71: Noise setelah rata-rata selama tahan | B71: =B60/SQRT(B68) -> 0.063245553 | C71: g rms | E71: -
A72: 7. Margin beban
A73: Beban maksimum / kapasitas | B73: =$B$8/$B$7 -> 0.875 | C73: - | E73: [5]
A74: Batas aman mekanis | B74: =$B$7*$B$20/100 -> 96 | C74: kgf | D74: Konservatif | E74: [6] overload aman
A75: Margin terhadap batas aman | B75: =B74/$B$8 -> 1.3714286 | C75: x | E75: [6]
A76: Batas destruktif | B76: =$B$7*$B$21/100 -> 120 | C76: kgf | E76: [6] overload destruktif
A77: Beban maksimum | B77: =$B$8*$B$30 -> 686.4655 | C77: N | D77: kgf x 9,80665 | E77: Konstanta standar
A78: 8. Daya dan arus
A79: Arus eksitasi jembatan | B79: =$B$11/$B$10*1000 -> 12.5 | C79: mA | D79: V/R | E79: Hukum Ohm; [6] resistansi masukan
A80: Arus total jembatan + HX711 | B80: =B79+$B$29 -> 14 | C80: mA | D80: Masukkan ke anggaran daya ESP32 | E80: [2] arus HX711
A84: Anggaran galat (dalam gram pada kapasitas penuh)
A85: Kolom "Masuk RSS" (biru, kuning): 1 = ikut digabung, 0 = dihapus oleh tare atau kalibrasi. Ubah sesuai prosedur.
A86: Sumber galat | B86: Besar (g) | C86: Masuk RSS (1/0) | D86: Dihapus oleh | E86: Catatan | F86: Referensi
A87: Error gabungan load cell | B87: =$B$7*1000*$B$22/100 -> 24 | C87: 1 | D87: - | E87: Linearitas + histeresis + repeatabilitas; nilai Eagle Weigh | F87: [5] Eagle Weigh
A88: Zero balance | B88: =$B$7*1000*$B$24/100 -> 800 | C88: 0 | D88: Tare | E88: Offset awal | F88: [6] GJ Impex
A89: Toleransi sensitivitas | B89: =$B$7*1000*$B$25/$B$6 -> 6000 | C89: 0 | D89: Kalibrasi | E89: +-0,15/2,0 = 7,5% dari skala | F89: [5] Eagle Weigh
A90: Efek suhu load cell | B90: =$B$7*1000*$B$26/100*$B$27/10 -> 24 | C90: 1 | D90: - | E90: Nol + span, kasus terburuk | F90: [6] GJ Impex
A91: Drift offset HX711 | B91: =$B$28*$B$27/B42 -> 0.48 | C91: 1 | D91: - | E91: nV/C x dT / (nV/g) | F91: [2] Avia
A92: Noise HX711 (laju terpilih) | B92: =B60 -> 0.4 | C92: 1 | D92: - | E92: 1 sigma | F92: [2] Avia
A93: Creep selama 30 menit | B93: =$B$7*1000*$B$23/100 -> 20 | C93: 0 | D93: Durasi tahan beberapa detik | E93: Tidak relevan untuk genggam 3-5 s; relevan untuk beban kalibrasi lama | F93: [6] GJ Impex
A94: Efek kemiringan housing | B94: =$B$32*(1-COS(RADIANS($B$33)))*1000 -> 140 | C94: 0 | D94: Tare pada postur akhir | E94: m x (1 - cos teta) | F94: Asumsi; massa dari blok Mekanik
A96: Gabungan RSS (yang ikut) | B96: =SQRT(SUMPRODUCT(C87:C94,B87:B94^2)) -> 33.946876 | E96: Akar jumlah kuadrat
A97: Gabungan sebagai % kapasitas | B97: =B96/($B$7*1000) -> 0.00042433595
A98: Gabungan pada beban tipikal (% pembacaan) | B98: =B96/($B$9*1000) -> 0.0011315625 | E98: Beban tipikal dari Input
A99: Gabungan pada beban maksimum (% pembacaan) | B99: =B96/($B$8*1000) -> 0.00048495537
A101: Catatan: ini batas bawah ketidakpastian. Massa kalibrasi, pemasangan, dan beban off-centre menambah galat dan harus diukur.
A105: Kalibrasi: regresi linear massa terhadap hitungan ADC
A106: Legenda: kolom A-B (biru, kuning) diisi dari uji kalibrasi. Data di bawah adalah CONTOH rekaan untuk memperlihatkan format, BUKAN hasil ukur. Hapus dan ganti dengan data Anda.
A107: Massa (kg) | B107: Hitungan ADC (rata-rata) | C107: Prediksi (kg) | D107: Residu (g)
A108: 0 | B108: 120040 | C108: =($B108-$G$111)*$G$110/1000 -> -0.00079464759 | D108: =(C108-A108)*1000 -> -0.79464759 | F108: Hasil | G108: Nilai | H108: Satuan
A109: 5 | B109: 388520 | C109: =($B109-$G$111)*$G$110/1000 -> 5.0001341 | D109: =(C109-A109)*1000 -> 0.13406605 | F109: Kemiringan (kg per count) | G109: =SLOPE($A$108:$A$113,$B$108:$B$113) -> 1.862682e-05 | H109: kg/count
A110: 10 | B110: 657010 | C110: =($B110-$G$111)*$G$110/1000 -> 10.001249 | D110: =(C110-A110)*1000 -> 1.2490479 | F110: Faktor skala k | G110: =G109*1000 -> 0.01862682 | H110: g/count
A111: 15 | B111: 925350 | C111: =($B111-$G$111)*$G$110/1000 -> 14.99957 | D111: =(C111-A111)*1000 -> -0.42999329 | F111: Offset N0 (count pada 0 kg) | G111: =-INTERCEPT($A$108:$A$113,$B$108:$B$113)/SLOPE($A$108:$A$113,$B$108:$B$113) -> 120082.66 | H111: count
A112: 20 | B112: 1193890 | C112: =($B112-$G$111)*$G$110/1000 -> 20.001616 | D112: =(C112-A112)*1000 -> 1.6163296 | F112: R kuadrat | G112: =RSQ($A$108:$A$113,$B$108:$B$113) -> 0.99999998 | H112: -
A113: 22 | B113: 1301080 | C113: =($B113-$G$111)*$G$110/1000 -> 21.998225 | D113: =(C113-A113)*1000 -> -1.7748027 | F113: Galat baku regresi | G113: =STEYX($A$108:$A$113,$B$108:$B$113)*1000 -> 1.4280143 | H113: g
F114: Galat baku kemiringan (relatif) | G114: =INDEX(LINEST($A$108:$A$113,$B$108:$B$113,TRUE(),TRUE()),2,1)/SLOPE($A$108:$A$113,$B$108:$B$113) -> 7.4238928e-05 | H114: -
F115: Count/g terukur | G115: =1/(G110) -> 53.686028 | H115: count/g
F116: Selisih dari faktor ideal (Hitung) | G116: =G115/B57-1 -> -1.9799721e-05 | H116: -
A118: Cara pakai: W(g) = (N - N0) x k. Tare menyetel N0 ulang sebelum tiap pengukuran. Titik di antara 3-5 massa mati, naik dan turun (histeresis).
